age_type,random,house,work,all
0,2.05537,5.93526,9.94506,17.9357
1,3.96624,3.86115,7.09656,14.924
2,3.09741,1.78387,2.96728,7.84855
