age_type,random,house,work,all
0,1.8994,5.97613,10.2118,18.0874
1,4.01168,3.87563,6.99306,14.8804
2,2.88923,1.71168,3.00379,7.6047
