age_type,random,house,work,all
0,2.02302,5.94032,9.99787,17.9612
1,3.94567,3.85597,7.04106,14.8427
2,3.05598,1.79728,2.9947,7.84796
